City_ID,City,Country,Date,Lat,Lng,Max Temp,Humidity,Cloudiness,Wind Speed
0,Srednekolymsk,RU,2021-09-19 13:47:42,67.45,153.6833,28.13,66,100,17.54
1,Bluff,NZ,2021-09-19 13:47:42,-46.6,168.3333,43.81,85,15,12.55
2,Saryozek,KZ,2021-09-19 13:47:43,44.3583,77.9753,70.18,22,13,6.93
3,Clyde River,CA,2021-09-19 13:47:43,70.4692,-68.5914,30.09,67,94,5.46
4,Port Alfred,ZA,2021-09-19 13:47:43,-33.5906,26.891,66.97,69,82,14.09
5,Busselton,AU,2021-09-19 13:47:44,-33.65,115.3333,51.08,75,2,15.37
6,Saldanha,ZA,2021-09-19 13:47:44,-33.0117,17.9442,62.65,78,100,13.69
7,Ushuaia,AR,2021-09-19 13:47:45,-54.8,-68.3,47.86,49,20,17.27
8,Albany,US,2021-09-19 13:42:49,42.6001,-73.9662,65.14,76,66,5.08
9,Tiksi,RU,2021-09-19 13:47:45,71.6872,128.8694,34.92,71,99,17.52
10,Hasaki,JP,2021-09-19 13:47:46,35.7333,140.8333,66.6,66,76,17.83
11,Khatanga,RU,2021-09-19 13:47:46,71.9667,102.5,31.89,98,100,14.23
12,Mazara Del Vallo,IT,2021-09-19 13:47:47,37.6641,12.588,88.93,73,0,12.84
13,Luanda,AO,2021-09-19 13:47:47,-8.8368,13.2343,76.05,68,61,13.11
14,Ponta Do Sol,PT,2021-09-19 13:47:47,32.6667,-17.1,80.01,67,28,3.31
15,Victoria,HK,2021-09-19 13:44:01,22.2855,114.1577,87.33,82,23,1.01
16,Tazovskiy,RU,2021-09-19 13:47:48,67.4667,78.7,40.95,90,97,9.84
17,Marolambo,MG,2021-09-19 13:47:48,-20.05,48.1167,60.91,92,100,1.7
18,Agadez,NE,2021-09-19 13:47:49,19.75,10.25,101.35,8,100,4.43
19,Zlatoust,RU,2021-09-19 13:47:09,55.1711,59.6508,32.9,86,84,14.83
20,Qaanaaq,GL,2021-09-19 13:47:49,77.484,-69.3632,18.52,93,100,5.55
21,Watsa,CD,2021-09-19 13:45:38,3.0372,29.5355,77.47,65,60,2.66
22,Rikitea,PF,2021-09-19 13:47:50,-23.1203,-134.9692,72.72,77,1,11.21
23,Cravo Norte,CO,2021-09-19 13:47:50,6.3017,-70.2041,82.69,75,21,3.74
24,Seoul,KR,2021-09-19 13:44:40,37.5683,126.9778,71.11,78,0,3.44
25,Falavarjan,IR,2021-09-19 13:47:50,32.5553,51.5097,90.61,7,0,0.87
26,Akhalgori,GE,2021-09-19 13:47:51,42.126,44.4833,74.71,45,61,5.01
27,Cape Town,ZA,2021-09-19 13:47:51,-33.9258,18.4232,65.88,69,75,7.0
28,Butaritari,KI,2021-09-19 13:47:51,3.0707,172.7902,82.15,67,100,13.6
29,Bundaberg,AU,2021-09-19 13:47:52,-24.85,152.35,65.21,87,0,5.75
30,Kapaa,US,2021-09-19 13:47:52,22.0752,-159.319,74.12,82,90,1.99
31,Bredasdorp,ZA,2021-09-19 13:47:53,-34.5322,20.0403,69.28,49,8,5.75
32,Pevek,RU,2021-09-19 13:47:53,69.7008,170.3133,30.72,74,100,11.5
33,Viedma,AR,2021-09-19 13:47:54,-40.8135,-62.9967,63.01,58,74,6.64
34,Ahipara,NZ,2021-09-19 13:47:54,-35.1667,173.1667,56.43,86,83,12.19
35,Kota,IN,2021-09-19 13:47:54,25.1833,75.8333,79.66,88,35,9.98
36,Fairbanks,US,2021-09-19 13:45:53,64.8378,-147.7164,39.16,79,90,3.44
37,Pacific Grove,US,2021-09-19 13:46:44,36.6177,-121.9166,63.57,88,95,1.99
38,Corn Island,NI,2021-09-19 13:47:55,12.1694,-83.0418,81.97,78,98,10.98
39,Toamasina,MG,2021-09-19 13:47:55,-18.1667,49.3833,68.0,83,75,4.61
40,Burnie,AU,2021-09-19 13:47:56,-41.0667,145.9167,47.91,81,51,16.46
41,Hilo,US,2021-09-19 13:47:56,19.7297,-155.09,74.28,85,20,5.75
42,Sinazongwe,ZM,2021-09-19 13:47:56,-17.2614,27.4618,81.75,46,0,11.68
43,Severo-Kurilsk,RU,2021-09-19 13:47:57,50.6789,156.125,51.1,97,100,14.72
44,Kalmunai,LK,2021-09-19 13:47:57,7.4167,81.8167,82.49,79,60,10.0
45,Kungurtug,RU,2021-09-19 13:47:58,50.5994,97.5228,51.03,55,35,2.59
46,San Patricio,US,2021-09-19 13:47:58,28.017,-97.5169,81.91,72,0,2.57
47,Zhigansk,RU,2021-09-19 13:47:58,66.7697,123.3711,36.27,67,100,14.2
48,Sobolevo,RU,2021-09-19 13:47:59,54.4299,31.8996,44.38,95,100,12.77
49,Bereda,ES,2021-09-19 13:47:59,43.2686,-7.5406,73.42,67,39,6.51
50,Kunzell,DE,2021-09-19 13:47:59,50.5442,9.7179,60.24,69,99,7.36
51,Punta Arenas,CL,2021-09-19 13:48:00,-53.15,-70.9167,42.91,81,75,12.66
52,Puerto Escondido,MX,2021-09-19 13:48:00,15.85,-97.0667,80.31,79,100,3.02
53,Tasiilaq,GL,2021-09-19 13:48:00,65.6145,-37.6368,37.56,67,97,4.94
54,Tulu Bolo,ET,2021-09-19 13:48:01,8.6667,38.2167,66.76,76,42,4.92
55,Saint-Philippe,RE,2021-09-19 13:48:01,-21.3585,55.7679,72.95,65,74,12.33
56,Castro,BR,2021-09-19 13:48:02,-24.7911,-50.0119,81.66,50,15,2.1
57,Lebu,CL,2021-09-19 13:48:02,-37.6167,-73.65,51.28,68,4,10.94
58,Sao Francisco De Assis,BR,2021-09-19 13:48:02,-29.5503,-55.1311,72.86,79,86,11.23
59,Visnes,NO,2021-09-19 13:48:03,59.3556,5.2242,59.38,62,75,13.8
60,Husavik,IS,2021-09-19 13:48:03,66.0449,-17.3389,55.31,87,100,4.79
61,Bethel,US,2021-09-19 13:48:03,41.3712,-73.414,68.02,71,1,1.01
62,Esperance,AU,2021-09-19 13:48:04,-33.8667,121.9,53.44,63,100,11.79
63,Mataura,NZ,2021-09-19 13:48:04,-46.1927,168.8643,43.48,99,17,2.8
64,Vaini,TO,2021-09-19 13:48:05,-21.2,-175.2,71.76,88,75,6.91
65,Longyearbyen,SJ,2021-09-19 13:48:05,78.2186,15.6401,44.44,76,75,10.36
66,Orel-Izumrud,RU,2021-09-19 13:48:05,43.4583,39.9244,68.02,77,90,6.71
67,Kodiak,US,2021-09-19 13:48:06,57.79,-152.4072,43.77,70,3,1.34
68,Heide,DE,2021-09-19 13:48:06,54.2,9.1,60.89,65,100,12.59
69,Cherskiy,RU,2021-09-19 13:48:07,68.75,161.3,25.2,76,5,8.14
70,Vila,PT,2021-09-19 13:48:07,42.0304,-8.1588,65.34,52,0,6.02
71,Sheridan,US,2021-09-19 13:48:07,44.8333,-106.9173,67.32,48,1,3.0
72,Sao Filipe,CV,2021-09-19 13:48:08,14.8961,-24.4956,82.0,76,39,9.46
73,Faanui,PF,2021-09-19 13:48:08,-16.4833,-151.75,78.03,75,9,16.55
74,Pochutla,MX,2021-09-19 13:48:09,15.7432,-96.4661,76.82,69,89,1.52
75,Port Elizabeth,ZA,2021-09-19 13:48:09,-33.918,25.5701,70.11,72,20,26.46
76,Kribi,CM,2021-09-19 13:48:09,2.95,9.9167,79.56,83,100,9.95
77,Georgetown,MY,2021-09-19 13:48:10,5.4112,100.3354,80.89,83,20,5.75
78,Carutapera,BR,2021-09-19 13:48:10,-1.195,-46.02,87.37,59,27,11.16
79,Imbituba,BR,2021-09-19 13:48:11,-28.24,-48.6703,73.29,78,55,11.43
80,Te Anau,NZ,2021-09-19 13:48:11,-45.4167,167.7167,36.77,93,71,2.1
81,Berlevag,NO,2021-09-19 13:48:11,70.8578,29.0864,50.0,68,100,19.98
82,New Norfolk,AU,2021-09-19 13:48:12,-42.7826,147.0587,49.91,72,31,1.99
83,Mairi,BR,2021-09-19 13:48:12,-11.7114,-40.1489,82.89,38,7,5.66
84,Saint-Joseph,RE,2021-09-19 13:48:12,-21.3667,55.6167,71.96,65,78,9.71
85,Fukue,JP,2021-09-19 13:48:13,32.6881,128.8419,76.06,80,0,16.37
86,Edd,ER,2021-09-19 13:48:13,13.9297,41.6925,94.62,46,0,19.48
87,Along,IN,2021-09-19 13:48:14,28.1667,94.7667,74.57,98,13,0.25
88,Upernavik,GL,2021-09-19 13:48:14,72.7868,-56.1549,24.85,54,30,5.19
89,Faya,SA,2021-09-19 13:48:15,18.3851,42.4509,84.72,23,68,5.35
90,Mar Del Plata,AR,2021-09-19 13:48:15,-38.0023,-57.5575,55.42,100,90,12.66
91,Iqaluit,CA,2021-09-19 13:48:16,63.7506,-68.5145,33.53,86,75,14.97
92,Ati,TD,2021-09-19 13:48:16,13.2154,18.3353,91.98,44,27,4.99
93,Gold Coast,AU,2021-09-19 13:48:17,-28.0,153.4333,63.7,90,0,1.01
94,Tuktoyaktuk,CA,2021-09-19 13:48:17,69.4541,-133.0374,42.8,87,90,13.8
95,Ossora,RU,2021-09-19 13:48:17,59.2353,163.0719,47.52,84,100,5.64
96,Portland,US,2021-09-19 13:46:26,45.5234,-122.6762,55.85,94,90,7.0
97,Oranjemund,NA,2021-09-19 13:48:18,-28.55,16.4333,60.55,70,1,8.93
98,Sioux Lookout,CA,2021-09-19 13:48:18,50.1001,-91.917,62.98,77,75,10.36
99,Rocha,UY,2021-09-19 13:48:19,-34.4833,-54.3333,66.79,77,52,15.59
100,Chuy,UY,2021-09-19 13:48:19,-33.6971,-53.4616,62.31,90,98,11.36
101,Vagur,FO,2021-09-19 13:48:19,61.4732,-6.8119,52.36,96,100,11.9
102,Mnogovershinnyy,RU,2021-09-19 13:48:20,53.9353,139.9242,35.83,76,64,6.38
103,Northam,GB,2021-09-19 13:48:20,51.0333,-4.2167,67.62,79,100,14.29
104,Leningradskiy,RU,2021-09-19 13:48:20,69.3833,178.4167,25.18,87,99,21.36
105,Lingao,CN,2021-09-19 13:48:21,19.9103,109.6859,81.5,82,1,11.07
106,Saint-Francois,FR,2021-09-19 13:48:21,46.4154,3.9054,59.47,94,90,6.91
107,Mecca,SA,2021-09-19 13:48:22,21.4267,39.8261,99.0,19,12,19.51
108,Korla,CN,2021-09-19 13:48:22,41.7597,86.1469,80.15,15,0,5.73
109,Charyshskoye,RU,2021-09-19 13:48:23,51.3978,83.5598,48.06,67,100,1.95
110,Sitka,US,2021-09-19 13:48:23,57.0531,-135.33,48.09,87,40,0.0
111,East London,ZA,2021-09-19 13:48:23,-33.0153,27.9116,74.34,56,0,4.61
112,Katsuura,JP,2021-09-19 13:48:24,35.1333,140.3,69.91,69,84,17.22
113,Beira,MZ,2021-09-19 13:48:24,-19.8436,34.8389,77.09,50,20,13.8
114,Gat,IL,2021-09-19 13:46:01,31.61,34.7642,90.39,40,0,14.43
115,Atuona,PF,2021-09-19 13:48:25,-9.8,-139.0333,76.53,83,28,18.48
116,Guerrero Negro,MX,2021-09-19 13:48:25,27.9769,-114.0611,67.6,84,3,13.31
117,Hermanus,ZA,2021-09-19 13:48:25,-34.4187,19.2345,69.8,65,0,20.42
118,Kruisfontein,ZA,2021-09-19 13:48:25,-34.0033,24.7314,67.89,64,100,23.78
119,Kanniyakumari,IN,2021-09-19 13:48:26,8.0833,77.5667,81.01,84,100,13.51
120,Shitanjing,CN,2021-09-19 13:48:26,39.2342,106.3439,60.62,63,63,5.3
121,Banda Aceh,ID,2021-09-19 13:48:27,5.5577,95.3222,77.11,89,100,14.85
122,Alofi,NU,2021-09-19 13:48:27,-19.0595,-169.9187,75.09,94,39,3.44
123,Airai,TL,2021-09-19 13:48:28,-8.9266,125.4092,57.81,79,17,3.78
124,Wadi Musa,JO,2021-09-19 13:48:28,30.3222,35.4793,80.42,31,0,7.52
125,Lao Cai,VN,2021-09-19 13:48:28,22.4833,103.95,76.21,98,100,1.43
126,Alice Springs,AU,2021-09-19 13:48:29,-23.7,133.8833,67.55,45,73,4.61
127,Taseyevo,RU,2021-09-19 13:48:29,57.2169,94.8978,51.15,78,100,0.76
128,Luderitz,NA,2021-09-19 13:48:30,-26.6481,15.1594,62.19,64,0,13.62
129,Torbay,CA,2021-09-19 13:48:30,47.6666,-52.7314,67.75,85,90,3.44
130,Varkkallai,IN,2021-09-19 13:48:30,8.7341,76.7067,82.18,87,100,8.52
131,San Quintin,MX,2021-09-19 13:48:31,30.4833,-115.95,66.33,83,91,11.07
132,Puerto Ayora,EC,2021-09-19 13:48:31,-0.7393,-90.3518,67.55,97,97,5.99
133,Muyezerskiy,RU,2021-09-19 13:48:31,63.9333,31.65,44.08,62,96,6.02
134,Ransang,PH,2021-09-19 13:48:32,8.9603,117.5828,79.97,84,100,2.19
135,Dikson,RU,2021-09-19 13:48:32,73.5069,80.5464,35.98,82,89,14.03
136,Shimoda,JP,2021-09-19 13:48:33,34.6667,138.95,71.08,69,43,14.09
137,Yellowknife,CA,2021-09-19 13:45:46,62.456,-114.3525,41.52,100,90,10.36
138,Klaksvik,FO,2021-09-19 13:48:33,62.2266,-6.589,54.52,96,100,13.96
139,Bilma,NE,2021-09-19 13:48:33,18.6853,12.9164,101.53,9,28,1.23
140,Geraldton,AU,2021-09-19 13:48:34,-28.7667,114.6,59.41,88,0,10.36
141,Falmouth,GB,2021-09-19 13:48:34,50.1544,-5.0711,64.98,84,20,4.0
142,Galle,LK,2021-09-19 13:48:34,6.0367,80.217,80.78,87,82,7.58
143,Najran,SA,2021-09-19 13:48:35,17.4924,44.1277,95.65,10,16,14.41
144,Iquitos,PE,2021-09-19 13:44:43,-3.7481,-73.2472,84.24,70,0,4.61
145,Bambous Virieux,MU,2021-09-19 13:48:35,-20.3428,57.7575,73.65,56,40,12.66
146,Nicolas Bravo,MX,2021-09-19 13:48:36,18.45,-88.9167,81.39,80,82,3.31
147,Charters Towers,AU,2021-09-19 13:48:36,-20.1,146.2667,62.31,80,7,9.31
148,Sulangan,PH,2021-09-19 13:48:37,11.1373,123.7228,81.63,79,100,6.35
149,Mogadishu,SO,2021-09-19 13:48:37,2.0371,45.3438,82.27,89,40,18.41
150,Sao Miguel Do Iguacu,BR,2021-09-19 13:48:37,-25.3481,-54.2378,88.81,25,61,9.26
151,Provideniya,RU,2021-09-19 13:48:38,64.3833,-173.3,35.8,97,100,8.5
152,Aripuana,BR,2021-09-19 13:48:38,-9.1667,-60.6333,95.0,40,28,2.17
153,Bideford,GB,2021-09-19 13:48:38,51.0179,-4.2046,68.32,73,100,14.23
154,Barrow,US,2021-09-19 13:45:02,71.2906,-156.7887,32.02,74,75,23.02
155,Jamestown,US,2021-09-19 13:48:39,42.097,-79.2353,64.51,100,20,0.0
156,Kavieng,PG,2021-09-19 13:48:39,-2.5744,150.7967,81.99,79,71,11.88
157,Buncrana,IE,2021-09-19 13:48:40,55.1333,-7.45,64.17,76,35,7.49
158,Chokurdakh,RU,2021-09-19 13:48:40,70.6333,147.9167,24.73,86,82,7.96
159,Hobart,AU,2021-09-19 13:48:41,-42.8794,147.3294,50.25,63,40,5.01
160,Garowe,SO,2021-09-19 13:48:41,8.4054,48.4845,93.06,31,99,13.56
161,Ciudad Bolivar,VE,2021-09-19 13:48:41,8.1222,-63.5497,83.79,64,63,6.26
162,Vardo,NO,2021-09-19 13:48:42,70.3705,31.1107,48.4,68,100,20.02
163,Kumbo,CM,2021-09-19 13:48:42,6.2,10.6667,70.88,65,24,3.49
164,Yatou,CN,2021-09-19 13:48:42,37.15,122.3833,72.23,88,87,15.95
165,Beyneu,KZ,2021-09-19 13:48:43,45.3167,55.2,69.55,28,0,9.48
166,Kutum,SD,2021-09-19 13:48:43,14.2,24.6667,86.43,31,40,10.25
167,Torquay,GB,2021-09-19 13:48:43,50.4638,-3.5143,68.58,35,94,1.01
168,Cockburn Town,TC,2021-09-19 13:46:49,21.4612,-71.1419,82.72,71,6,13.31
169,Sangar,RU,2021-09-19 13:48:44,63.9242,127.4739,33.17,83,92,12.3
170,The Pas,CA,2021-09-19 13:45:47,53.8251,-101.2541,59.02,67,90,2.44
171,Arraial Do Cabo,BR,2021-09-19 13:48:44,-22.9661,-42.0278,75.16,83,40,5.75
172,Namibe,AO,2021-09-19 13:48:45,-15.1961,12.1522,70.43,78,0,12.66
173,La Ronge,CA,2021-09-19 13:48:45,55.1001,-105.2842,48.45,87,90,10.36
174,Primorsk,UA,2021-09-19 13:48:45,46.7348,36.3443,67.6,83,96,10.65
175,Port-Gentil,GA,2021-09-19 13:48:46,-0.7193,8.7815,85.96,62,20,14.97
176,Ambon,ID,2021-09-19 13:47:28,-3.6954,128.1814,78.94,83,40,3.44
177,Laredo,US,2021-09-19 13:44:39,27.5064,-99.5075,81.84,85,1,5.75
178,Belaya Gora,RU,2021-09-19 13:48:46,68.5333,146.4167,26.46,75,100,9.78
179,Anadyr,RU,2021-09-19 13:48:47,64.75,177.4833,30.7,80,0,6.71
180,Cabo San Lucas,MX,2021-09-19 13:48:47,22.8909,-109.9124,83.52,74,99,8.19
181,Bonavista,CA,2021-09-19 13:48:47,48.6499,-53.1147,60.12,98,100,10.38
182,Fort Nelson,CA,2021-09-19 13:45:46,58.8053,-122.7002,38.79,100,90,2.3
183,Ancud,CL,2021-09-19 13:48:48,-41.8697,-73.8203,49.42,72,7,1.25
184,Bay Roberts,CA,2021-09-19 13:48:49,47.5999,-53.2648,68.5,87,100,3.0
185,Ginir,ET,2021-09-19 13:48:49,7.1333,40.7,72.99,48,69,5.73
186,Rawson,AR,2021-09-19 13:48:49,-43.3002,-65.1023,55.49,44,93,3.94
187,Robinson,US,2021-09-19 13:48:50,31.4677,-97.1147,80.17,89,1,3.44
188,Mahebourg,MU,2021-09-19 13:48:50,-20.4081,57.7,73.69,56,40,12.66
189,Isangel,VU,2021-09-19 13:48:51,-19.55,169.2667,68.97,69,5,10.6
190,Hokitika,NZ,2021-09-19 13:48:51,-42.7167,170.9667,47.95,87,42,6.49
191,Mangan,IN,2021-09-19 13:48:52,27.5167,88.5333,75.11,93,40,1.16
192,Kedrovyy,RU,2021-09-19 13:48:52,56.1667,91.8167,46.81,76,88,3.06
193,Souillac,MU,2021-09-19 13:48:52,-20.5167,57.5167,73.78,56,40,12.66
194,Tacuati,PY,2021-09-19 13:48:53,-23.45,-56.5833,104.04,16,1,7.05
195,Ketchikan,US,2021-09-19 13:48:53,55.3422,-131.6461,52.27,93,90,0.0
196,Villa Rica,US,2021-09-19 13:48:53,33.7321,-84.9191,73.38,95,100,5.26
197,Hay River,CA,2021-09-19 13:48:54,60.8156,-115.7999,46.38,87,75,5.75
198,Richards Bay,ZA,2021-09-19 13:48:54,-28.783,32.0377,71.74,62,6,20.24
199,Nhulunbuy,AU,2021-09-19 13:48:55,-12.2333,136.7667,74.01,73,80,6.91
200,Mao,ES,2021-09-19 13:48:55,39.8885,4.2658,75.76,53,20,17.27
201,Atambua,ID,2021-09-19 13:48:55,-9.1061,124.8925,72.79,79,44,6.67
202,Yulara,AU,2021-09-19 13:48:56,-25.2406,130.9889,75.04,35,75,5.75
203,Tigre,AR,2021-09-19 13:48:56,-34.426,-58.5796,66.22,78,75,18.41
204,Cortez,US,2021-09-19 13:48:57,37.3489,-108.5859,59.7,100,40,4.61
205,Mwinilunga,ZM,2021-09-19 13:48:57,-11.7358,24.4293,92.37,14,25,8.21
206,Yerofey Pavlovich,RU,2021-09-19 13:48:57,53.9667,121.9667,39.94,85,9,2.71
207,Mizdah,LY,2021-09-19 13:48:58,31.4451,12.9801,98.02,11,0,4.0
208,Rosamorada,MX,2021-09-19 13:48:58,22.1222,-105.2058,75.99,97,96,5.84
209,Mongar,BT,2021-09-19 13:48:58,27.2747,91.2396,64.35,98,48,1.57
210,Olafsvik,IS,2021-09-19 13:48:59,64.8945,-23.7142,47.26,70,87,5.41
211,Bilecik,TR,2021-09-19 13:48:59,40.0,30.1667,78.42,34,72,7.96
212,Pemba,MZ,2021-09-19 13:49:00,-12.974,40.5178,79.5,69,20,21.85
213,Kant,IN,2021-09-19 13:49:00,27.8,79.8,83.26,71,9,5.66
214,Kudahuvadhoo,MV,2021-09-19 13:44:13,2.6708,72.8944,83.37,73,95,6.15
215,Tommot,RU,2021-09-19 13:49:00,58.9564,126.2925,39.07,94,99,5.99
216,Broken Hill,AU,2021-09-19 13:49:01,-31.95,141.4333,60.51,20,0,8.05
217,Jiwani,PK,2021-09-19 13:49:01,25.05,61.7417,82.35,80,8,12.93
218,Jutai,BR,2021-09-19 13:49:02,-5.1833,-68.9,85.96,60,93,2.39
219,Igrim,RU,2021-09-19 13:49:02,63.1906,64.4162,35.01,97,100,14.0
220,Kodinsk,RU,2021-09-19 13:49:03,58.6881,99.1844,48.11,72,100,3.18
221,Zhuhai,CN,2021-09-19 13:49:03,22.2769,113.5678,87.06,84,20,12.66
222,Hovd,MN,2021-09-19 13:49:03,48.0056,91.6419,63.23,32,51,7.54
223,Falam,MM,2021-09-19 13:49:04,22.9167,93.6833,63.12,98,100,2.26
224,Gualaca,PA,2021-09-19 13:49:04,8.5333,-82.3,87.73,71,87,0.87
225,Mount Isa,AU,2021-09-19 13:49:05,-20.7333,139.5,67.77,40,0,0.0
226,Saint-Jean-De-Maurienne,FR,2021-09-19 13:49:05,45.1667,6.5833,53.38,84,75,8.7
227,Alikalia,SL,2021-09-19 13:49:05,9.1667,-11.4,82.15,74,94,1.28
228,Pangnirtung,CA,2021-09-19 13:49:06,66.1451,-65.7125,33.44,70,43,7.14
229,Peniche,PT,2021-09-19 13:49:06,39.3558,-9.3811,78.28,61,5,21.07
230,Meulaboh,ID,2021-09-19 13:49:07,4.1363,96.1285,75.24,91,100,7.74
231,Villamontes,BO,2021-09-19 13:49:07,-21.25,-63.5,95.43,28,6,4.14
232,Sanming,CN,2021-09-19 13:49:07,26.2486,117.6186,83.23,71,100,2.86
233,Omachi,JP,2021-09-19 13:49:08,36.5,137.8667,64.42,91,100,2.24
234,Asau,RO,2021-09-19 13:49:08,46.4333,26.4,65.32,58,100,13.02
235,Pundaguitan,PH,2021-09-19 13:49:09,6.3711,126.1689,81.63,77,100,8.05
236,Daru,PG,2021-09-19 13:49:09,-9.0763,143.2092,76.69,91,95,16.55
237,Lasa,IT,2021-09-19 13:49:09,46.6166,10.7002,63.48,89,100,4.52
238,Merauke,ID,2021-09-19 13:49:10,-8.4667,140.3333,77.04,87,100,13.4
239,Orleans,US,2021-09-19 13:49:10,30.0335,-89.9501,82.0,80,1,5.75
240,Kumo,NG,2021-09-19 13:49:11,10.0447,11.2122,90.46,45,6,1.74
241,Necochea,AR,2021-09-19 13:49:11,-38.5473,-58.7368,61.77,78,100,13.65
242,Saint George,US,2021-09-19 13:49:11,37.1041,-113.5841,69.53,72,1,3.44
243,Samarai,PG,2021-09-19 13:49:12,-10.6167,150.6667,78.35,88,100,16.87
244,Narsaq,GL,2021-09-19 13:49:12,60.9167,-46.05,43.02,94,100,9.46
245,Lafayette,US,2021-09-19 13:47:45,30.2335,-92.0668,76.98,96,40,3.44
246,Harnosand,SE,2021-09-19 13:49:13,62.6323,17.9379,50.0,61,80,7.9
247,Kalabo,ZM,2021-09-19 13:49:13,-14.97,22.6814,98.85,12,26,6.58
248,Boca Do Acre,BR,2021-09-19 13:49:14,-8.7522,-67.3978,91.98,44,21,3.47
249,Nome,US,2021-09-19 13:49:14,64.5011,-165.4064,44.67,81,90,5.75
250,Kristiansund,NO,2021-09-19 13:49:14,63.1115,7.732,65.05,48,0,3.44
251,Okhotsk,RU,2021-09-19 13:49:15,59.3833,143.3,45.55,89,100,11.43
252,Fortuna,US,2021-09-19 13:49:15,40.5982,-124.1573,59.36,75,75,1.01
253,Norman Wells,CA,2021-09-19 13:49:16,65.282,-126.8329,39.24,93,75,2.3
254,Maarianhamina,AX,2021-09-19 13:49:16,60.0973,19.9348,51.66,58,75,13.8
255,Bonfim,BR,2021-09-19 13:49:17,3.0833,-59.95,85.57,64,49,0.58
256,Hithadhoo,MV,2021-09-19 13:49:17,-0.6,73.0833,83.46,72,90,5.26
257,Ugoofaaru,MV,2021-09-19 13:49:17,5.6667,73.0,82.8,75,100,9.24
258,Ouesso,CG,2021-09-19 13:49:18,1.6136,16.0517,82.8,66,98,2.24
259,Kahului,US,2021-09-19 13:44:55,20.8947,-156.47,74.46,82,1,5.75
260,Partur,IN,2021-09-19 13:49:18,19.6,76.2167,82.92,64,87,3.6
261,Kaitangata,NZ,2021-09-19 13:49:19,-46.2817,169.8464,42.96,95,32,7.0
262,Isiro,CD,2021-09-19 13:49:19,2.7739,27.616,81.81,59,75,3.49
263,Dzaoudzi,YT,2021-09-19 13:49:19,-12.7887,45.2699,80.49,69,75,24.16
264,Ust-Koksa,RU,2021-09-19 13:49:20,50.2696,85.6108,49.24,45,63,1.57
265,Lompoc,US,2021-09-19 13:48:11,34.6391,-120.4579,59.77,89,90,4.61
266,Stavyshche,UA,2021-09-19 13:49:20,50.4,29.5333,53.53,90,100,9.6
267,Pimentel,PE,2021-09-19 13:49:20,-6.8367,-79.9342,61.09,82,90,10.36
268,Kawalu,ID,2021-09-19 13:49:21,-7.3817,108.2082,70.61,96,81,1.45
269,Ribeira Grande,PT,2021-09-19 13:49:21,38.5167,-28.7,72.0,60,40,9.22
270,Mount Gambier,AU,2021-09-19 13:49:22,-37.8333,140.7667,48.11,87,75,13.8
271,Thompson,CA,2021-09-19 13:48:27,55.7435,-97.8558,51.96,93,90,3.44
272,Conde,BR,2021-09-19 13:49:22,-7.2597,-34.9075,83.66,54,40,12.66
273,Sola,VU,2021-09-19 13:49:23,-13.8833,167.55,78.93,79,34,23.49
274,Robertsport,LR,2021-09-19 13:49:23,6.7533,-11.3686,79.0,83,98,8.75
275,Los Llanos De Aridane,ES,2021-09-19 13:49:23,28.6585,-17.9182,73.15,73,40,12.66
276,El Llano,MX,2021-09-19 13:49:24,20.05,-99.3,57.15,89,100,0.98
277,Mangai,CD,2021-09-19 13:49:24,-4.05,19.5333,76.24,69,100,1.41
278,Ratnagiri,IN,2021-09-19 13:49:24,16.9833,73.3,78.8,84,55,2.66
279,Innisfail,AU,2021-09-19 13:49:25,-17.5333,146.0333,71.62,73,98,7.2
280,Kattivakkam,IN,2021-09-19 13:49:25,13.2167,80.3167,87.89,76,83,12.53
281,Vanimo,PG,2021-09-19 13:49:26,-2.6741,141.3028,77.52,85,100,1.72
282,Minden,DE,2021-09-19 13:49:26,52.2833,8.9167,60.98,68,62,8.05
283,Carnarvon,AU,2021-09-19 13:46:56,-24.8667,113.6333,66.27,72,0,18.41
284,Lorengau,PG,2021-09-19 13:49:26,-2.0226,147.2712,81.72,77,100,8.46
285,Aklavik,CA,2021-09-19 13:49:27,68.2191,-135.0107,41.83,96,100,2.26
286,Rudsar,IR,2021-09-19 13:49:27,37.1376,50.288,78.85,70,0,5.35
287,Port Hardy,CA,2021-09-19 13:49:28,50.6996,-127.4199,48.2,100,75,2.3
288,Todos Santos,MX,2021-09-19 13:49:28,23.45,-110.2167,83.01,92,100,3.96
289,Kargasok,RU,2021-09-19 13:46:28,59.0556,80.8572,39.83,93,100,6.85
290,Karratha,AU,2021-09-19 13:49:28,-20.7377,116.8463,78.17,36,0,10.16
291,Lavrentiya,RU,2021-09-19 13:49:29,65.5833,-171.0,30.13,72,85,7.87
292,Valparaiso,CL,2021-09-19 13:49:29,-33.0393,-71.6273,53.24,85,40,8.05
293,Carballo,ES,2021-09-19 13:49:30,43.213,-8.691,72.91,68,61,7.58
294,Hammerfest,NO,2021-09-19 13:49:30,70.6634,23.6821,51.53,62,0,8.05
295,Turgutlu,TR,2021-09-19 13:49:30,38.4953,27.6997,93.47,20,0,12.86
296,Lata,PT,2021-09-19 13:49:31,40.1629,-8.3327,80.35,31,22,7.47
297,San Juan,AR,2021-09-19 13:49:31,-31.5375,-68.5364,71.73,26,0,14.36
298,Petropavlovsk-Kamchatskiy,RU,2021-09-19 13:49:31,53.0452,158.6483,48.79,100,90,6.71
299,Bengkulu,ID,2021-09-19 13:48:58,-3.8004,102.2655,75.78,90,100,6.73
300,Tanout,NE,2021-09-19 13:49:32,14.9709,8.8879,99.07,17,39,6.06
301,Dzilam Gonzalez,MX,2021-09-19 13:49:32,21.2833,-88.9333,82.65,72,21,5.37
302,Mataram,ID,2021-09-19 13:49:33,-8.5833,116.1167,77.81,82,36,11.86
303,San Alberto,CO,2021-09-19 13:49:33,7.7611,-73.3922,80.8,80,100,3.2
304,Igarka,RU,2021-09-19 13:49:33,67.4667,86.5833,42.26,86,100,7.02
305,Hualmay,PE,2021-09-19 13:49:34,-11.0964,-77.6139,63.34,72,35,8.43
306,Guilin,CN,2021-09-19 13:49:34,25.2819,110.2864,80.71,87,8,2.15
307,Hibbing,US,2021-09-19 13:49:34,47.4272,-92.9377,69.3,77,1,8.05
308,Sabha,LY,2021-09-19 13:49:35,27.0377,14.4283,97.38,11,0,12.75
309,Gutersloh,DE,2021-09-19 13:49:35,51.9,8.3833,61.38,58,98,8.37
310,Gander,CA,2021-09-19 13:49:36,48.9682,-54.5906,55.78,100,90,5.75
311,San Cristobal,VE,2021-09-19 13:49:36,7.7669,-72.225,81.27,51,60,3.8
312,Usinsk,RU,2021-09-19 13:49:36,65.9939,57.5281,38.59,71,93,21.45
313,Torrox,ES,2021-09-19 13:49:37,36.7579,-3.9523,93.38,54,0,10.0
314,Avera,US,2021-09-19 13:48:21,33.194,-82.5271,79.92,77,100,8.99
315,Middletown,US,2021-09-19 13:45:05,39.5151,-84.3983,77.25,83,1,3.44
316,Talnakh,RU,2021-09-19 13:49:37,69.4865,88.3972,39.4,96,100,4.92
317,Deputatskiy,RU,2021-09-19 13:49:38,69.3,139.9,19.42,91,100,7.94
318,Iskilip,TR,2021-09-19 13:49:38,40.7353,34.4739,79.68,27,26,10.29
319,Touros,BR,2021-09-19 13:49:38,-5.1989,-35.4608,85.1,50,22,16.89
320,Malanje,AO,2021-09-19 13:49:39,-9.5402,16.341,86.22,33,100,3.6
321,Codrington,AU,2021-09-19 13:49:39,-38.2667,141.9667,49.8,77,63,18.72
322,Gurupa,BR,2021-09-19 13:49:39,-1.405,-51.64,90.91,49,5,5.3
323,Can Tho,VN,2021-09-19 13:49:13,10.0333,105.7833,76.98,88,40,5.75
324,Manutuke,NZ,2021-09-19 13:49:40,-38.6833,177.9167,53.98,77,89,6.8
325,Tessalit,ML,2021-09-19 13:49:41,20.1986,1.0114,105.89,6,2,6.42
326,Barbosa,CO,2021-09-19 13:49:41,5.9317,-73.6151,72.14,67,72,1.88
327,Aswan,EG,2021-09-19 13:49:41,24.0934,32.907,101.5,13,0,13.8
328,Bandipur,NP,2021-09-19 13:49:42,27.9333,84.4167,68.85,92,6,1.01
329,Maceio,BR,2021-09-19 13:46:06,-9.6658,-35.7353,85.44,58,40,8.05
330,Digby,CA,2021-09-19 13:49:42,44.6169,-65.7655,63.7,70,99,16.84
331,Navalmoral De La Mata,ES,2021-09-19 13:49:43,39.8916,-5.5406,83.97,23,1,2.21
332,Pangody,RU,2021-09-19 13:49:43,65.85,74.4859,41.16,82,100,11.43
333,Rudbar,AF,2021-09-19 13:49:43,30.15,62.6,91.87,11,0,10.18
334,Ahmadpur East,PK,2021-09-19 13:49:44,29.1431,71.2598,100.02,26,61,7.99
335,Hangu,CN,2021-09-19 13:49:44,39.2489,117.7892,62.64,96,100,19.71
336,Manokwari,ID,2021-09-19 13:49:44,-0.8667,134.0833,79.41,80,100,9.78
337,Izumo,JP,2021-09-19 13:49:45,35.3667,132.7667,71.55,88,0,6.35
338,Kiama,AU,2021-09-19 13:49:45,-34.6833,150.8667,60.01,63,0,7.29
339,Laguna,US,2021-09-19 13:49:46,38.421,-121.4238,64.9,87,1,1.01
340,Coquimbo,CL,2021-09-19 13:49:46,-29.9533,-71.3436,53.33,87,90,3.44
341,Hambantota,LK,2021-09-19 13:49:46,6.1241,81.1185,84.54,89,20,8.05
342,Vila Velha,BR,2021-09-19 13:45:57,-20.3297,-40.2925,82.35,54,0,2.3
343,Yermakovskoye,RU,2021-09-19 13:49:47,53.2831,92.4003,54.77,88,96,3.13
344,La Orilla,MX,2021-09-19 13:49:47,17.9833,-102.2333,74.97,88,100,7.09
345,Borskoye,RU,2021-09-19 13:49:48,53.0333,51.7167,49.28,44,100,5.68
346,Nyurba,RU,2021-09-19 13:49:48,63.2842,118.3319,29.61,80,1,3.18
347,Kangaatsiaq,GL,2021-09-19 13:49:48,68.3065,-53.4641,28.15,63,63,4.41
348,Nishihara,JP,2021-09-19 13:49:49,26.1842,127.7558,78.08,81,20,4.61
349,Alangulam,IN,2021-09-19 13:49:49,8.8667,77.5,84.45,64,99,9.33
350,Moron,AR,2021-09-19 13:48:32,-34.6534,-58.6198,65.97,81,73,10.04
351,Manacapuru,BR,2021-09-19 13:49:50,-3.2997,-60.6206,81.18,56,9,0.16
352,Dongsheng,CN,2021-09-19 13:49:50,39.8161,109.9776,59.52,52,100,11.59
353,Namatanai,PG,2021-09-19 13:49:51,-3.6667,152.4333,78.89,80,40,6.89
354,Wonthaggi,AU,2021-09-19 13:49:51,-38.6044,145.5913,55.38,86,100,21.88
355,Makasar,ID,2021-09-19 13:48:28,-5.14,119.4221,77.05,83,20,3.44
356,Suntar,RU,2021-09-19 13:49:52,62.1444,117.6319,33.01,72,75,4.32
357,Devonport,AU,2021-09-19 13:49:09,-41.1667,146.35,48.09,79,66,17.94
358,Rio Grande,BR,2021-09-19 13:49:52,-32.035,-52.0986,68.11,88,97,12.06
359,Moratuwa,LK,2021-09-19 13:49:52,6.773,79.8816,82.42,86,77,6.4
360,Port-Cartier,CA,2021-09-19 13:49:53,50.0334,-66.8654,55.74,56,32,4.38
361,Ulaanbaatar,MN,2021-09-19 13:49:53,47.9077,106.8832,51.93,82,75,4.47
362,Teya,RU,2021-09-19 13:49:53,60.3778,92.6267,43.18,87,100,3.53
363,Ankola,IN,2021-09-19 13:45:13,14.6667,74.3,79.09,87,100,4.74
364,Pervomayskoye,RU,2021-09-19 13:49:54,43.919,46.7102,71.46,47,33,16.02
365,La Asuncion,VE,2021-09-19 13:49:54,11.0333,-63.8628,82.13,78,2,8.05
366,Villa Carlos Paz,AR,2021-09-19 13:49:55,-31.4241,-64.4978,67.39,59,99,4.5
367,Hofn,IS,2021-09-19 13:49:55,64.2539,-15.2082,51.82,87,75,12.66
368,Chumikan,RU,2021-09-19 13:49:55,54.7183,135.315,45.91,63,89,13.11
369,Gao,ML,2021-09-19 13:49:56,16.6362,1.637,103.5,14,12,7.07
370,Santa Rosa,PH,2021-09-19 13:49:56,14.3122,121.1114,80.58,85,100,4.56
371,Kuandian,CN,2021-09-19 13:49:57,40.7286,124.7847,62.89,91,100,1.63
372,Port Lincoln,AU,2021-09-19 13:45:46,-34.7333,135.8667,54.75,70,100,22.37
373,Tucuman,AR,2021-09-19 13:49:57,-26.8241,-65.2226,69.8,52,3,3.44
374,Auki,SB,2021-09-19 13:49:57,-8.7676,160.7034,76.86,89,98,4.32
375,Kavaratti,IN,2021-09-19 13:49:58,10.5669,72.642,82.29,76,82,11.23
376,Bandar-E Lengeh,IR,2021-09-19 13:49:58,26.5579,54.8807,95.11,66,0,9.22
377,Ust-Nera,RU,2021-09-19 13:49:58,64.5667,143.2,35.13,96,100,8.25
378,Avarua,CK,2021-09-19 13:49:59,-21.2078,-159.775,73.45,83,40,9.22
379,La Trinidad,PH,2021-09-19 13:49:59,16.455,120.5875,63.84,90,100,2.59
380,Chiredzi,ZW,2021-09-19 13:49:59,-21.05,31.6667,81.66,25,5,8.68
381,Encruzilhada Do Sul,BR,2021-09-19 13:50:00,-30.5439,-52.5219,67.53,77,92,6.82
382,Ayan,RU,2021-09-19 13:50:00,56.45,138.1667,45.5,57,6,14.41
383,Nikolskoye,RU,2021-09-19 13:50:01,59.7035,30.7861,48.09,53,100,8.63
384,Guangyuan,CN,2021-09-19 13:50:03,32.442,105.823,69.42,79,99,2.17
385,Hirara,JP,2021-09-19 13:50:04,24.8,125.2833,83.57,75,13,8.52
386,Aldan,RU,2021-09-19 13:50:04,58.6031,125.3894,35.28,92,100,1.68
387,Springdale,US,2021-09-19 13:49:51,36.1867,-94.1288,71.37,92,40,0.0
388,Kiunga,PG,2021-09-19 13:50:05,-6.1219,141.2906,73.74,100,100,2.71
389,Whitianga,NZ,2021-09-19 13:50:05,-36.8333,175.7,54.01,82,100,9.55
390,Gavle,SE,2021-09-19 13:50:06,60.6745,17.1417,48.94,58,72,7.99
391,Cayeli,TR,2021-09-19 13:50:06,41.0923,40.7292,75.56,67,71,5.06
392,Sao Joao Da Barra,BR,2021-09-19 13:50:06,-21.6403,-41.0511,75.29,69,0,11.79
393,Ternate,ID,2021-09-19 13:50:07,0.8,127.4,79.84,80,77,2.86
394,College,US,2021-09-19 13:50:07,64.8569,-147.8028,40.66,79,90,0.0
395,Ust-Kalmanka,RU,2021-09-19 13:50:08,52.1207,83.305,53.04,51,100,10.47
396,Khani,GE,2021-09-19 13:50:08,41.9563,42.9566,72.97,58,47,4.99
397,Vila Do Maio,CV,2021-09-19 13:50:08,15.1333,-23.2167,84.99,84,35,12.86
398,Ferrol,ES,2021-09-19 13:50:09,43.4832,-8.2369,73.72,85,15,8.93
399,Mizan Teferi,ET,2021-09-19 13:50:09,6.9833,35.5833,67.78,94,92,0.51
400,Lubuk Pakam,ID,2021-09-19 13:50:10,3.5604,98.8767,75.34,91,97,3.53
401,Dukat,RU,2021-09-19 13:50:10,62.55,155.55,38.21,96,100,5.1
402,Letlhakane,BW,2021-09-19 13:50:10,-21.4167,25.5833,88.57,21,1,7.74
403,Rudnogorsk,RU,2021-09-19 13:50:11,57.2639,103.7519,46.29,93,54,2.51
404,Sarangani,PH,2021-09-19 13:50:11,5.4033,125.4636,82.81,76,87,9.08
405,Muros,ES,2021-09-19 13:50:12,42.7762,-9.0603,73.99,77,19,11.88
406,Manicore,BR,2021-09-19 13:50:12,-5.8092,-61.3003,92.93,44,28,2.77
407,Mehriz,IR,2021-09-19 13:50:12,31.5917,54.4318,93.7,9,25,5.46
408,Port Augusta,AU,2021-09-19 13:47:32,-32.5,137.7667,55.54,63,0,0.45
409,Hami,CN,2021-09-19 13:50:13,42.8,93.45,78.67,16,0,2.84
410,Veraval,IN,2021-09-19 13:50:14,20.9,70.3667,81.07,86,25,11.5
411,Port Hedland,AU,2021-09-19 13:50:14,-20.3167,118.5667,75.25,38,2,5.75
412,Chapais,CA,2021-09-19 13:50:14,49.7834,-74.8492,49.78,51,12,4.05
413,Ajdabiya,LY,2021-09-19 13:50:15,30.7554,20.2263,94.78,21,0,13.27
414,Azul,AR,2021-09-19 13:50:15,-36.777,-59.8585,64.54,75,4,11.92
415,Moyo,UG,2021-09-19 13:50:16,3.6609,31.7247,83.98,47,35,1.83
416,Picota,PE,2021-09-19 13:50:16,-6.9197,-76.3304,77.49,59,8,1.9
417,Amuntai,ID,2021-09-19 13:50:16,-2.4177,115.2494,76.69,78,97,0.81
418,Labuhan,ID,2021-09-19 13:50:17,-6.8844,112.2051,81.81,70,24,5.99
419,Beringovskiy,RU,2021-09-19 13:50:17,63.05,179.3167,41.49,90,97,13.6
420,Virginia Beach,US,2021-09-19 13:45:58,36.8529,-75.978,82.04,83,20,6.91
421,Krasyliv,UA,2021-09-19 13:50:17,49.6519,26.9725,42.84,91,100,12.03
422,Kendal,GB,2021-09-19 13:50:18,54.3268,-2.7476,63.32,88,100,4.7
423,Mmabatho,ZA,2021-09-19 13:50:18,-25.85,25.6333,78.76,36,0,13.8
424,Fulton,US,2021-09-19 13:50:19,33.7668,-84.4499,74.97,93,90,0.0
425,Buraydah,SA,2021-09-19 13:50:19,26.326,43.975,104.45,10,5,8.59
426,Kloulklubed,PW,2021-09-19 13:50:19,7.0419,134.2556,81.59,80,100,9.26
427,Progreso,MX,2021-09-19 13:50:20,21.2833,-89.6667,81.1,77,12,7.16
428,Shenjiamen,CN,2021-09-19 13:50:20,29.9576,122.298,76.64,87,0,17.83
429,Tocopilla,CL,2021-09-19 13:50:20,-22.092,-70.1979,64.11,69,67,6.89
430,Bridgwater,GB,2021-09-19 13:50:21,51.1284,-3.0036,70.2,71,80,14.85
431,Flin Flon,CA,2021-09-19 13:50:21,54.7682,-101.865,53.44,82,90,4.61
432,Shihezi,CN,2021-09-19 13:50:22,44.3,86.0333,78.46,20,36,3.65
433,Udachnyy,RU,2021-09-19 13:50:22,66.4167,112.4,29.57,69,98,4.83
434,Dali,CN,2021-09-19 13:50:22,25.7,100.1833,62.15,92,62,4.07
435,Konevo,RU,2021-09-19 13:50:23,62.1215,39.3192,42.6,69,98,6.26
436,Llandrindod Wells,GB,2021-09-19 13:50:23,52.2416,-3.3787,66.29,76,100,10.58
437,Port Hope,US,2021-09-19 13:45:47,43.9408,-82.7127,65.75,72,0,0.0
438,San Lorenzo,PY,2021-09-19 13:50:24,-25.3333,-57.5333,88.74,48,75,10.36
439,Cidreira,BR,2021-09-19 13:50:24,-30.1811,-50.2056,68.41,88,95,9.17
440,Pozoblanco,ES,2021-09-19 13:50:24,38.3791,-4.8483,81.18,20,0,4.25
441,Moroto,UG,2021-09-19 13:50:25,2.5345,34.6666,77.95,47,89,5.99
442,Dingle,PH,2021-09-19 13:50:25,10.9995,122.6711,76.15,93,100,3.85
443,Poum,NC,2021-09-19 13:50:26,-20.2333,164.0167,71.49,70,53,16.17
444,Salina,US,2021-09-19 13:49:18,38.8403,-97.6114,74.17,85,1,3.0
445,Slavuta,UA,2021-09-19 13:50:26,50.3016,26.8651,46.54,91,100,9.95
446,Tuatapere,NZ,2021-09-19 13:50:27,-46.1333,167.6833,43.83,93,26,4.97
447,Kirakira,SB,2021-09-19 13:50:27,-10.4544,161.9205,78.98,87,100,11.21
448,San Policarpo,PH,2021-09-19 13:50:27,12.1791,125.5072,80.85,79,100,0.92
449,Salalah,OM,2021-09-19 13:50:28,17.0151,54.0924,81.45,81,55,6.35
450,Bilibino,RU,2021-09-19 13:50:28,68.0546,166.4372,17.49,89,26,5.26
451,Hamilton,US,2021-09-19 13:45:46,39.1834,-84.5333,77.99,87,75,1.01
452,Burriana,ES,2021-09-19 13:50:29,39.889,-0.085,81.09,47,8,10.04
453,Buala,SB,2021-09-19 13:50:29,-8.145,159.5921,79.43,85,100,9.1
454,Broome,US,2021-09-19 13:50:29,42.2506,-75.833,63.19,81,1,1.01
455,Ryazanskaya,RU,2021-09-19 13:50:30,44.9553,39.5889,67.6,63,100,10.51
456,Saint-Augustin,CA,2021-09-19 13:50:30,51.226,-58.6502,54.01,50,100,9.91
457,Rimouski,CA,2021-09-19 13:48:05,48.4488,-68.524,57.27,65,10,8.16
458,Fayaoue,NC,2021-09-19 13:50:31,-20.65,166.5333,71.02,61,3,18.28
459,Madera,US,2021-09-19 13:50:31,37.1666,-119.8343,66.06,59,0,3.31
460,Beloha,MG,2021-09-19 13:50:31,-25.1667,45.05,66.99,54,94,13.78
461,Apatity,RU,2021-09-19 13:50:32,67.5641,33.4031,45.63,59,64,2.98
462,Alyangula,AU,2021-09-19 13:50:32,-13.8483,136.4192,71.47,83,83,0.0
463,Port Jervis,US,2021-09-19 13:50:32,41.3751,-74.6927,69.31,66,16,5.46
464,Snasa,NO,2021-09-19 13:50:33,64.2457,12.3778,55.42,60,60,10.98
465,Nouadhibou,MR,2021-09-19 13:50:33,20.931,-17.0347,80.58,78,0,13.8
466,Wanning,CN,2021-09-19 13:50:33,18.8003,110.3967,81.77,83,4,5.1
467,Bacolod,PH,2021-09-19 13:50:34,10.6667,122.95,78.19,87,100,1.34
468,Maba,CN,2021-09-19 13:50:34,24.6841,113.5984,79.97,80,2,3.69
469,Constitucion,CL,2021-09-19 13:50:35,-35.3333,-72.4167,53.92,58,3,8.84
470,Parakou,BJ,2021-09-19 13:50:35,9.3372,2.6303,83.61,68,68,5.1
471,Hastings,GB,2021-09-19 13:50:35,50.8552,0.5729,67.89,93,100,6.49
472,Sinnamary,GF,2021-09-19 13:50:36,5.3833,-52.95,84.11,70,85,8.9
473,Akureyri,IS,2021-09-19 13:50:36,65.6835,-18.0878,55.33,58,75,16.11
474,Komsomolskiy,UZ,2021-09-19 13:50:36,40.4272,71.7189,83.12,20,0,4.61
475,Pisco,PE,2021-09-19 13:50:37,-13.7,-76.2167,62.02,82,90,3.44
476,Panaba,MX,2021-09-19 13:50:37,21.2833,-88.2667,83.62,74,13,8.01
477,Muncar,ID,2021-09-19 13:50:37,-8.4333,114.3333,74.98,90,17,2.42
478,Tongchuan,CN,2021-09-19 13:50:38,35.0806,109.0897,60.6,81,4,2.93
479,Zyryanovsk,KZ,2021-09-19 13:50:39,49.7386,84.2719,55.26,34,86,1.32
480,Svetlyy,RU,2021-09-19 13:50:39,54.675,20.1347,53.65,66,88,14.12
481,Kaniama,CD,2021-09-19 13:50:39,-7.5667,24.1833,78.78,60,100,5.46
482,Ixtapa,MX,2021-09-19 13:50:40,20.7,-105.2,75.22,100,100,2.06
483,Chebenki,RU,2021-09-19 13:50:40,51.9337,55.7077,53.35,39,24,8.01
484,Puerto Madryn,AR,2021-09-19 13:50:41,-42.7692,-65.0385,55.11,48,100,6.42
485,Saskylakh,RU,2021-09-19 13:50:41,71.9167,114.0833,30.49,82,100,2.73
486,Rorvik,NO,2021-09-19 13:50:41,64.8621,11.2373,59.11,51,0,9.22
487,Byron Bay,AU,2021-09-19 13:50:42,-28.65,153.6167,62.87,91,10,7.23
488,Saint Anthony,US,2021-09-19 13:50:43,45.0205,-93.218,75.34,79,1,10.36
489,Tanhacu,BR,2021-09-19 13:50:43,-14.0214,-41.2481,84.83,34,6,6.49
490,Margate,GB,2021-09-19 13:50:43,51.3813,1.3862,70.11,82,88,5.68
491,Makakilo City,US,2021-09-19 13:47:27,21.3469,-158.0858,73.72,87,90,0.0
492,Show Low,US,2021-09-19 13:50:44,34.2542,-110.0298,62.08,92,1,4.61
493,Qui Nhon,VN,2021-09-19 13:47:02,13.7667,109.2333,78.53,88,100,6.17
494,Westport,US,2021-09-19 13:50:44,41.1415,-73.3579,70.95,62,1,1.99
495,Cap-Aux-Meules,CA,2021-09-19 13:50:45,47.3821,-61.8597,60.85,82,75,23.02
496,Krasnoturansk,RU,2021-09-19 13:50:45,54.3186,91.5639,56.19,72,100,3.62
497,Grimshaw,CA,2021-09-19 13:50:45,56.1834,-117.6027,43.02,100,90,6.91
498,Porto Novo,BJ,2021-09-19 13:50:46,6.4965,2.6036,84.02,62,100,11.12
499,Kysyl-Syr,RU,2021-09-19 13:50:46,63.8986,122.7617,30.27,77,8,6.29
500,Turukhansk,RU,2021-09-19 13:50:47,65.8167,87.9833,42.15,88,100,7.4
501,Kushiro,JP,2021-09-19 13:50:47,42.975,144.3747,56.14,77,100,6.85
502,Coos Bay,US,2021-09-19 13:46:09,43.3665,-124.2179,55.99,95,75,4.61
503,Pembroke,CA,2021-09-19 13:50:48,45.8168,-77.1162,54.18,83,0,2.57
504,Porto Uniao,BR,2021-09-19 13:50:48,-26.2381,-51.0783,75.67,71,79,2.57
505,Ormara,PK,2021-09-19 13:50:48,25.2088,64.6357,82.24,84,64,15.43
506,Myanaung,MM,2021-09-19 13:50:49,18.2833,95.3167,78.64,89,99,1.77
507,Arlit,NE,2021-09-19 13:50:49,18.7369,7.3853,104.45,8,46,3.96
508,Kailua,US,2021-09-19 13:50:49,21.4022,-157.7394,75.18,73,90,11.5
509,Tezu,IN,2021-09-19 13:50:50,27.9167,96.1667,76.08,86,1,3.56
510,Tarasovskiy,RU,2021-09-19 13:50:50,48.7292,40.3636,71.06,47,100,18.99
511,Lima,PE,2021-09-19 13:47:45,-12.0432,-77.0282,58.14,82,90,6.91
512,Andenes,NO,2021-09-19 13:50:51,69.3143,16.1194,51.78,71,0,10.36
513,Sorong,ID,2021-09-19 13:50:51,-0.8833,131.25,79.99,80,100,2.62
514,Arrifes,PT,2021-09-19 13:50:51,37.7667,-25.7,70.05,53,40,6.91
515,Heihe,CN,2021-09-19 13:50:52,50.2441,127.4902,46.98,59,0,7.27
516,Sisimiut,GL,2021-09-19 13:50:52,66.9395,-53.6735,33.44,42,91,7.14
517,Aracuai,BR,2021-09-19 13:50:53,-16.8497,-42.0703,92.64,27,14,1.81
518,Amazar,RU,2021-09-19 13:50:53,53.858,120.875,42.01,88,13,3.4
519,Ostrovnoy,RU,2021-09-19 13:50:53,68.0531,39.5131,43.12,67,3,2.68
520,Knysna,ZA,2021-09-19 13:50:54,-34.0363,23.0471,64.78,71,87,6.55
521,Goderich,CA,2021-09-19 13:50:54,43.7501,-81.7165,59.92,67,0,8.05
522,Sambava,MG,2021-09-19 13:50:55,-14.2667,50.1667,72.45,90,56,17.38
523,Nantucket,US,2021-09-19 13:48:01,41.2835,-70.0995,69.1,82,97,24.09
524,Pemangkat,ID,2021-09-19 13:50:55,1.1667,108.9667,81.03,77,100,7.49
525,Sibolga,ID,2021-09-19 13:50:56,1.7427,98.7792,73.83,94,100,2.75
526,Nizhneivkino,RU,2021-09-19 13:50:56,58.194,49.5214,39.34,62,98,8.23
527,Kuching,MY,2021-09-19 13:48:58,1.55,110.3333,77.22,100,40,2.3
528,Primero De Enero,CU,2021-09-19 13:50:57,21.9469,-78.4283,84.87,72,93,10.0
529,Diu,IN,2021-09-19 13:50:57,20.7141,70.9822,80.51,87,14,11.3
530,Atar,MR,2021-09-19 13:50:57,20.5169,-13.0499,96.58,28,83,8.5
531,Vuktyl,RU,2021-09-19 13:50:58,63.8567,57.3094,40.48,64,100,17.05
532,Manturovo,RU,2021-09-19 13:50:58,58.3353,44.7619,44.83,57,100,6.85
533,Villazon,BO,2021-09-19 13:50:58,-22.0866,-65.5942,60.94,40,5,7.4
534,Formiga,BR,2021-09-19 13:50:59,-20.4644,-45.4264,91.13,18,24,5.77
535,Normandin,CA,2021-09-19 13:50:59,48.8333,-72.5321,50.31,93,11,4.61
536,Narasannapeta,IN,2021-09-19 13:51:00,18.4167,84.05,79.75,86,100,4.03
537,Martapura,ID,2021-09-19 13:51:00,-3.4167,114.85,78.89,78,7,1.14
538,Save,BJ,2021-09-19 13:51:00,8.0425,2.486,83.07,72,99,4.05
539,Padang,ID,2021-09-19 13:51:01,-0.9492,100.3543,77.05,84,100,2.28
540,Labytnangi,RU,2021-09-19 13:51:01,66.6572,66.4183,36.75,73,100,23.04
541,Montanhas,BR,2021-09-19 13:51:02,-6.4858,-35.2875,83.75,48,60,15.26
542,Jijiga,ET,2021-09-19 13:51:02,9.35,42.8,74.46,47,100,3.31
543,Orlik,RU,2021-09-19 13:51:02,52.5178,99.825,51.31,48,12,3.4
544,Zmeinogorsk,RU,2021-09-19 13:51:03,51.1567,82.195,48.81,59,100,3.67
545,Ilulissat,GL,2021-09-19 13:51:03,69.2167,-51.1,19.18,51,5,2.26
546,Turzovka,SK,2021-09-19 13:51:03,49.4043,18.6226,53.94,76,75,5.75
547,Chibombo,ZM,2021-09-19 13:51:04,-14.6569,28.0706,86.67,21,1,10.07
548,Rabaul,PG,2021-09-19 13:51:04,-4.1967,152.1721,78.57,79,14,5.77
549,Aguas Belas,BR,2021-09-19 13:51:05,-9.1114,-37.1231,88.23,31,22,8.32
550,Flinders,AU,2021-09-19 13:51:05,-34.5833,150.8552,59.81,69,0,1.01
551,Khash,IR,2021-09-19 13:51:05,28.2211,61.2158,84.61,13,0,19.53
552,Kulhudhuffushi,MV,2021-09-19 13:51:06,6.6221,73.07,82.54,76,69,9.71
553,Mehran,IR,2021-09-19 13:51:06,33.1222,46.1646,101.68,9,0,18.12
554,Benxi,CN,2021-09-19 13:51:07,41.2886,123.765,66.52,85,100,1.92
555,Tiznit,MA,2021-09-19 13:51:07,29.5833,-9.5,78.48,51,99,9.84
556,Ahuimanu,US,2021-09-19 13:51:07,21.4447,-157.8378,74.91,81,90,11.5
557,Maryborough,AU,2021-09-19 13:51:08,-25.5333,152.7,60.08,92,0,2.26
558,Nha Trang,VN,2021-09-19 13:49:54,12.25,109.1833,77.0,86,99,2.95
559,Kralendijk,BQ,2021-09-19 13:51:08,12.15,-68.2667,85.98,70,0,11.5
560,Karasjok,NO,2021-09-19 13:51:09,69.4719,25.5112,50.11,64,100,16.08
561,Sidi Ali,DZ,2021-09-19 13:51:09,36.0998,0.4206,80.26,51,0,13.71
562,Agnibilekrou,CI,2021-09-19 13:51:10,7.1344,-3.2047,87.66,55,87,3.96
